#;;;;;E;G_in-plane;G_transverse;gamma;alphaT;ftk;fck;yieldCrit;color;;;;;;;;;
#;family;name;country;type;[kN/cm2];[kN/cm2];[kN/cm2];[kN/m3];[m/(mC‹?ř)];[kN/cm2];[kN/cm2];;;;;;;;;;;
;Steel;Steel;EU;iso;21000;8076;8076;78.5;1.20E-005;23.5;-23.5;MISES;Blue;;;;;;;;;
;Steel;S235;EU;iso;21000;8076;8076;78.5;1.20E-005;23.5;-23.5;MISES;Blue;;;;;;;;;
;Steel;S275;EU;iso;21000;8076;8076;78.5;1.20E-005;27.5;-27.5;MISES;Blue;;;;;;;;;
;Steel;S355;EU;iso;21000;8076;8076;78.5;1.20E-005;36;-36;MISES;Blue;;;;;;;;;
;Steel;S450;EU;iso;21000;8076.92;8076.92;78.5;1.20E-005;44;-44;MISES;Blue;;;;;;;;;
;Steel;St37-2;EU;iso;21000;8076;8076;78.5;1.20E-005;24;-24;MISES;Blue;;;;;;;;;
;Steel;A36;US;iso;19994.8;7722.13;7722.13;78.49;1.20E-005;22.06;-22.06;MISES;Blue;;;;;;;;;
;Steel;A529;US;iso;19994.8;7722.13;7722.13;78.49;1.20E-005;34.47;-34.47;MISES;Blue;;;;;;;;;
;Steel;A441G1;US;iso;19994.8;7722.13;7722.13;78.49;1.20E-005;34.47;-34.47;MISES;Blue;;;;;;;;;
;Steel;A441G3;US;iso;19994.8;7722.13;7722.13;78.49;1.20E-005;31.71;-31.71;MISES;Blue;;;;;;;;;
;Steel;A441G4;US;iso;19994.8;7722.13;7722.13;78.49;1.20E-005;28.95;-28.95;MISES;Blue;;;;;;;;;
;Steel;A441;US;iso;19994.8;7722.13;7722.13;78.49;1.20E-005;27.57;-27.57;MISES;Blue;;;;;;;;;
;Steel;A572Grade42;US;iso;19994.8;7722.13;7722.13;78.49;1.20E-005;28.95;-28.95;MISES;Blue;;;;;;;;;
;Steel;A572Grade50;US;iso;19994.8;7722.13;7722.13;78.49;1.20E-005;34.47;-34.47;MISES;Blue;;;;;;;;;
;Steel;A572Grade55;US;iso;19994.8;7722.13;7722.13;78.49;1.20E-005;37.92;-37.92;MISES;Blue;;;;;;;;;
;Steel;A572Grade60;US;iso;19994.8;7722.13;7722.13;78.49;1.20E-005;41.36;-41.36;MISES;Blue;;;;;;;;;
;Steel;A572Grade65;US;iso;19994.8;7722.13;7722.13;78.49;1.20E-005;44.81;-44.81;MISES;Blue;;;;;;;;;
;Steel;A53GradeA;US;iso;19994.8;7722.13;7722.13;78.49;1.20E-005;20.68;-20.68;MISES;Blue;;;;;;;;;
;Steel;A53GradeB;US;iso;19994.8;7722.13;7722.13;78.49;1.20E-005;24.13;-24.13;MISES;Blue;;;;;;;;;
;Steel;A500GradeA(Rounds);US;iso;19994.8;7722.13;7722.13;78.49;1.20E-005;22.75;-22.75;MISES;Blue;;;;;;;;;
;Steel;A500GradeB(Rounds);US;iso;19994.8;7722.13;7722.13;78.49;1.20E-005;28.96;-28.96;MISES;Blue;;;;;;;;;
;Steel;A500GradeC(Rounds);US;iso;19994.8;7722.13;7722.13;78.49;1.20E-005;31.72;-31.72;MISES;Blue;;;;;;;;;
;Steel;A500GradeD(Rounds);US;iso;19994.8;7722.13;7722.13;78.49;1.20E-005;24.82;-24.82;MISES;Blue;;;;;;;;;
;Steel;A500GradeA(Shapes);US;iso;19994.8;7722.13;7722.13;78.49;1.20E-005;26.89;-26.89;MISES;Blue;;;;;;;;;
;Steel;A500GradeB(Shapes);US;iso;19994.8;7722.13;7722.13;78.49;1.20E-005;31.71;-31.71;MISES;Blue;;;;;;;;;
;Steel;A500GradeC(Shapes);US;iso;19994.8;7722.13;7722.13;78.49;1.20E-005;34.47;-34.47;MISES;Blue;;;;;;;;;
;Steel;A500GradeD(Shapes);US;iso;19994.8;7722.13;7722.13;78.49;1.20E-005;24.82;-24.82;MISES;Blue;;;;;;;;;
;Steel;A501;US;iso;19994.8;7722.13;7722.13;78.49;1.20E-005;24.82;-24.82;MISES;Blue;;;;;;;;;
#;;;;;;;;;;;;;;;;;;;;;;
;Steel;SM490A;Japan;iso;20500;7900;7900;77;1.20E-005;32.5;-32.5;MISES;Blue;;;;;;;;;
;Steel;SM490B;Japan;iso;20500;7900;7900;77;1.20E-005;32.5;-32.5;MISES;Blue;;;;;;;;;
;Steel;SM490C;Japan;iso;20500;7900;7900;77;1.20E-005;32.5;-32.5;MISES;Blue;;;;;;;;;
;Steel;SM490YA;Japan;iso;20500;7900;7900;77;1.20E-005;36.5;-36.5;MISES;Blue;;;;;;;;;
;Steel;SM490YB;Japan;iso;20500;7900;7900;77;1.20E-005;36.5;-36.5;MISES;Blue;;;;;;;;;
;Steel;SM520B;Japan;iso;20500;7900;7900;77;1.20E-005;36.5;-36.5;MISES;Blue;;;;;;;;;
;Steel;SM520C;Japan;iso;20500;7900;7900;77;1.20E-005;36.5;-36.5;MISES;Blue;;;;;;;;;
;Steel;SM570;Japan;iso;20500;7900;7900;77;1.20E-005;46;-46;MISES;Blue;;;;;;;;;
;Steel;SMA490BW;Japan;iso;20500;7900;7900;77;1.20E-005;36.5;-36.5;MISES;Blue;;;;;;;;;
;Steel;SMA490BP;Japan;iso;20500;7900;7900;77;1.20E-005;36.5;-36.5;MISES;Blue;;;;;;;;;
;Steel;SMA490CW;Japan;iso;20500;7900;7900;77;1.20E-005;36.5;-36.5;MISES;Blue;;;;;;;;;
;Steel;SMA490CP;Japan;iso;20500;7900;7900;77;1.20E-005;36.5;-36.5;MISES;Blue;;;;;;;;;
;Steel;SMA570W;Japan;iso;20500;7900;7900;77;1.20E-005;46;-46;MISES;Blue;;;;;;;;;
;Steel;SN400B;Japan;iso;20500;7900;7900;77;1.20E-005;23.5;-23.5;MISES;Blue;;;;;;;;;
;Steel;SN400C;Japan;iso;20500;7900;7900;77;1.20E-005;23.5;-23.5;MISES;Blue;;;;;;;;;
;Steel;SN490B;Japan;iso;20500;7900;7900;77;1.20E-005;32.5;-32.5;MISES;Blue;;;;;;;;;
;Steel;SN490C;Japan;iso;20500;7900;7900;77;1.20E-005;32.5;-32.5;MISES;Blue;;;;;;;;;
;Steel;SSC400;Japan;iso;20500;7900;7900;77;1.20E-005;24.5;-24.5;MISES;Blue;;;;;;;;;
#;;;;;;;;;;;;;;;;;;;;;;
;Steel;Q235;China;iso;20600;8076;8076;78.5;1.20E-005;23.5;-23.5;MISES;Blue;;;;;;;;;
;Steel;Q275;China;iso;20600;8076;8076;78.5;1.20E-005;27.5;-27.5;MISES;Blue;;;;;;;;;
;Steel;Q295;China;iso;20600;8076;8076;78.5;1.20E-005;29.5;-29.5;MISES;Blue;;;;;;;;;
;Steel;Q345;China;iso;20600;8076;8076;78.5;1.20E-005;34.5;-34.5;MISES;Blue;;;;;;;;;
;Steel;Q355;China;iso;20600;8076;8076;78.5;1.20E-005;35.5;-35.5;MISES;Blue;;;;;;;;;
;Steel;Q390;China;iso;20600;8076;8076;78.5;1.20E-005;39;-39;MISES;Blue;;;;;;;;;
;Steel;Q420;China;iso;20600;8076;8076;78.5;1.20E-005;42;-42;MISES;Blue;;;;;;;;;
;Steel;Q460;China;iso;20600;8076;8076;78.5;1.20E-005;46;-46;MISES;Blue;;;;;;;;;
#;;;;;;;;;;;;;;;;;;;;;;
;Steel;3678-250-L15;Australia;iso;20600;8076;8076;78.5;1.20E-005;25;-25;MISES;Blue;;;;;;;;;
;Steel;3678-300-L15;Australia;iso;20600;8076;8076;78.5;1.20E-005;30;-30;MISES;Blue;;;;;;;;;
;Steel;3678-350-L15;Australia;iso;20600;8076;8076;78.5;1.20E-005;35;-35;MISES;Blue;;;;;;;;;
;Steel;3678-400-L15;Australia;iso;20600;8076;8076;78.5;1.20E-005;40;-40;MISES;Blue;;;;;;;;;
;Steel;3678-450-L15;Australia;iso;20600;8076;8076;78.5;1.20E-005;45;-45;MISES;Blue;;;;;;;;;
;Steel;3679-250;Australia;iso;20600;8076;8076;78.5;1.20E-005;25;-25;MISES;Blue;;;;;;;;;
;Steel;3679-350;Australia;iso;20600;8076;8076;78.5;1.20E-005;35;-35;MISES;Blue;;;;;;;;;
;Steel;3679-400;Australia;iso;20600;8076;8076;78.5;1.20E-005;40;-40;MISES;Blue;;;;;;;;;
;Steel;1163-C250;Australia;iso;20600;8076;8076;78.5;1.20E-005;25;-25;MISES;Blue;;;;;;;;;
;Steel;1163-C275;Australia;iso;20600;8076;8076;78.5;1.20E-005;27.5;-27.5;MISES;Blue;;;;;;;;;
;Steel;1163-C300;Australia;iso;20600;8076;8076;78.5;1.20E-005;30;-30;MISES;Blue;;;;;;;;;
;Steel;1163-C350;Australia;iso;20600;8076;8076;78.5;1.20E-005;35;-35;MISES;Blue;;;;;;;;;
;Steel;1163-C400;Australia;iso;20600;8076;8076;78.5;1.20E-005;40;-40;MISES;Blue;;;;;;;;;
;Steel;1163-C450;Australia;iso;20600;8076;8076;78.5;1.20E-005;45;-45;MISES;Blue;;;;;;;;;
;Steel;1397-G250;Australia;iso;20600;8076;8076;78.5;1.20E-005;25;-25;MISES;Blue;;;;;;;;;
;Steel;1397-G300;Australia;iso;20600;8076;8076;78.5;1.20E-005;30;-30;MISES;Blue;;;;;;;;;
;Steel;1397-G350;Australia;iso;20600;8076;8076;78.5;1.20E-005;35;-35;MISES;Blue;;;;;;;;;
;Steel;1397-G450;Australia;iso;20600;8076;8076;78.5;1.20E-005;45;-45;MISES;Blue;;;;;;;;;
;Steel;1397-G500;Australia;iso;20600;8076;8076;78.5;1.20E-005;50;-50;MISES;Blue;;;;;;;;;
;Steel;1397-G550;Australia;iso;20600;8076;8076;78.5;1.20E-005;55;-55;MISES;Blue;;;;;;;;;
;Steel;1595-C220;Australia;iso;20600;8076;8076;78.5;1.20E-005;21;-21;MISES;Blue;;;;;;;;;
;Steel;1595-C260;Australia;iso;20600;8076;8076;78.5;1.20E-005;25;-25;MISES;Blue;;;;;;;;;
;Steel;1595-C350;Australia;iso;20600;8076;8076;78.5;1.20E-005;35;-35;MISES;Blue;;;;;;;;;
#;;;;;;;;;;;;;;;;;;;;;;
#;;;;;E;G_in-plane;G_transverse;gamma;alphaT;ftk;fck;;;;;;;;;;;
#;family;name;country;type;[kN/cm2];[kN/cm2];[kN/cm2];[kN/m3];[m/(mC‹?ř)];[kN/cm2];[kN/cm2];;;;;;;;;;;
;Wood;Wood;EU;iso;1050;360;360;6;5.00E-006;1.3;-1.3;RANKINE;Brown;;;;;;;;;
;Wood;(VH)I;EU;iso;1050;360;360;6;5.00E-006;1.3;-1.3;RANKINE;Brown;;;;;;;;;
;Wood;(VH)II;EU;iso;1000;335;335;6;5.00E-006;1;-1;RANKINE;Brown;;;;;;;;;
;Wood;(VH)III;EU;iso;800;270;270;6;5.00E-006;0.7;-0.7;RANKINE;Brown;;;;;;;;;
#;;;;;;;;;;;;;;;;;;;;;;
#;according_to_EN338:2016-04;;;;;;;;;;;;;;;;;;;;;
#;;;;;E;G_in-plane;G_transverse;gamma;alphaT;ftk;fck;;;;;;;;;;;
#;family;name;country;type;[kN/cm2];[kN/cm2];[kN/cm2];[kN/m3];[m/(mC‹?ř)];[kN/cm2];[kN/cm2];;;;;;;;;;;
;Hardwood;D18(parallel);EU;iso;950;475;59;5.7;5.00E-006;1.8;-1.8;RANKINE;DarkBrown;;;;;;;;;
;Hardwood;D18(orthogonal);EU;iso;63;31.5;59;5.7;5.00E-006;1.8;-0.48;RANKINE;DarkBrown;;;;;;;;;
;Hardwood;D24(parallel);EU;iso;1000;500;63;5.8;5.00E-006;2.4;-2.1;RANKINE;DarkBrown;;;;;;;;;
;Hardwood;D24(orthogonal);EU;iso;67;33.5;63;5.8;5.00E-006;2.4;-0.49;RANKINE;DarkBrown;;;;;;;;;
;Hardwood;D27(parallel);EU;iso;880;440;66;6.1;5.00E-006;2.7;-2.2;RANKINE;DarkBrown;;;;;;;;;
;Hardwood;D27(orthogonal);EU;iso;46.9;23.45;66;6.1;5.00E-006;2.7;-0.51;RANKINE;DarkBrown;;;;;;;;;
;Hardwood;D30(parallel);EU;iso;1100;550;69;6.4;5.00E-006;3;-2.4;RANKINE;DarkBrown;;;;;;;;;
;Hardwood;D30(orthogonal);EU;iso;73;36.5;69;6.4;5.00E-006;3;-0.53;RANKINE;DarkBrown;;;;;;;;;
;Hardwood;D35(parallel);EU;iso;1200;600;75;6.5;5.00E-006;3.5;-2.5;RANKINE;DarkBrown;;;;;;;;;
;Hardwood;D35(orthogonal);EU;iso;80;40;75;6.5;5.00E-006;3.5;-0.54;RANKINE;DarkBrown;;;;;;;;;
;Hardwood;D40(parallel);EU;iso;1300;650;81;6.6;5.00E-006;4;-2.7;RANKINE;DarkBrown;;;;;;;;;
;Hardwood;D40(orthogonal);EU;iso;87;43.5;81;6.6;5.00E-006;4;-0.55;RANKINE;DarkBrown;;;;;;;;;
;Hardwood;D45(parallel);EU;iso;1350;675;84;7;5.00E-006;4.5;-2.9;RANKINE;DarkBrown;;;;;;;;;
;Hardwood;D45(orthogonal);EU;iso;90;45;84;7;5.00E-006;4.5;-0.58;RANKINE;DarkBrown;;;;;;;;;
;Hardwood;D50(parallel);EU;iso;1400;700;88;7.4;5.00E-006;5;-3;RANKINE;DarkBrown;;;;;;;;;
;Hardwood;D50(orthogonal);EU;iso;93;46.5;88;7.4;5.00E-006;5;-0.62;RANKINE;DarkBrown;;;;;;;;;
;Hardwood;D55(parallel);EU;iso;1550;775;97;7.9;5.00E-006;5.5;-3.2;RANKINE;DarkBrown;;;;;;;;;
;Hardwood;D55(orthogonal);EU;iso;103;51.5;97;7.9;5.00E-006;5.5;-0.66;RANKINE;DarkBrown;;;;;;;;;
;Hardwood;D60(parallel);EU;iso;1700;850;106;8.4;5.00E-006;6;-3.3;RANKINE;DarkBrown;;;;;;;;;
;Hardwood;D60(orthogonal);EU;iso;113;56.5;106;8.4;5.00E-006;6;-1.05;RANKINE;DarkBrown;;;;;;;;;
;Hardwood;D65(parallel);EU;iso;1850;925;116;9;5.00E-006;6.5;-3.5;RANKINE;DarkBrown;;;;;;;;;
;Hardwood;D65(orthogonal);EU;iso;123;61.5;116;9;5.00E-006;6.5;-1.13;RANKINE;DarkBrown;;;;;;;;;
;Hardwood;D70(parallel);EU;iso;2000;1000;125;9.6;5.00E-006;7;-3.6;RANKINE;DarkBrown;;;;;;;;;
;Hardwood;D70(orthogonal);EU;iso;133;66.5;125;9.6;5.00E-006;7;-1.2;RANKINE;DarkBrown;;;;;;;;;
;Hardwood;D75(parallel);EU;iso;2200;1100;138;10.2;5.00E-006;7.5;-3.7;RANKINE;DarkBrown;;;;;;;;;
;Hardwood;D75(orthogonal);EU;iso;147;73.5;138;10.2;5.00E-006;7.5;-1.28;RANKINE;DarkBrown;;;;;;;;;
;Hardwood;D80(parallel);EU;iso;2400;1200;150;10.8;5.00E-006;8;-3.8;RANKINE;DarkBrown;;;;;;;;;
;Hardwood;D80(orthogonal);EU;iso;160;80;150;10.8;5.00E-006;8;-1.35;RANKINE;DarkBrown;;;;;;;;;
#;;;;;;;;;;;;;;;;;;;;;;
#;according_to_EN338:2016-04;;;;;;;;;;;;;;;;;;;;;
#;;;;;E;G_in-plane;G_transverse;gamma;alphaT;ftk;fck;;;;;;;;;;;
#;family;name;country;type;[kN/cm2];[kN/cm2];[kN/cm2];[kN/m3];[m/(mC‹?ř)];[kN/cm2];[kN/cm2];;;;;;;;;;;
;ConiferousTimber;C14(parallel);EU;iso;700;350;44;3.5;5.00E-006;1.4;-1.6;RANKINE;Brown;;;;;;;;;
;ConiferousTimber;C14(orthogonal);EU;iso;23;11.5;44;3.5;5.00E-006;1.4;-0.2;RANKINE;Brown;;;;;;;;;
;ConiferousTimber;C16(parallel);EU;iso;800;400;50;3.7;5.00E-006;1.6;-1.7;RANKINE;Brown;;;;;;;;;
;ConiferousTimber;C16(orthogonal);EU;iso;27;13.5;50;3.7;5.00E-006;1.6;-0.22;RANKINE;Brown;;;;;;;;;
;ConiferousTimber;C18(parallel);EU;iso;900;450;56;3.8;5.00E-006;1.8;-1.8;RANKINE;Brown;;;;;;;;;
;ConiferousTimber;C18(orthogonal);EU;iso;30;15;56;3.8;5.00E-006;1.8;-0.22;RANKINE;Brown;;;;;;;;;
;ConiferousTimber;C20(parallel);EU;iso;950;475;59;4;5.00E-006;2;-1.9;RANKINE;Brown;;;;;;;;;
;ConiferousTimber;C20(orthogonal);EU;iso;32;16;59;4;5.00E-006;2;-0.23;RANKINE;Brown;;;;;;;;;
;ConiferousTimber;C22(parallel);EU;iso;1000;500;63;4.1;5.00E-006;2.2;-2;RANKINE;Brown;;;;;;;;;
;ConiferousTimber;C22(orthogonal);EU;iso;33;16.5;63;4.1;5.00E-006;2.2;-0.24;RANKINE;Brown;;;;;;;;;
;ConiferousTimber;C24(parallel);EU;iso;1100;550;69;4.2;5.00E-006;2.4;-2.1;RANKINE;Brown;;;;;;;;;
;ConiferousTimber;C24(orthogonal);EU;iso;37;18.5;69;4.2;5.00E-006;2.4;-0.25;RANKINE;Brown;;;;;;;;;
;ConiferousTimber;C27(parallel);EU;iso;1150;575;72;4.3;5.00E-006;2.7;-2.2;RANKINE;Brown;;;;;;;;;
;ConiferousTimber;C27(orthogonal);EU;iso;38;19;72;4.3;5.00E-006;2.7;-0.25;RANKINE;Brown;;;;;;;;;
;ConiferousTimber;C30(parallel);EU;iso;1200;600;75;4.6;5.00E-006;3;-2.4;RANKINE;Brown;;;;;;;;;
;ConiferousTimber;C30(orthogonal);EU;iso;40;20;75;4.6;5.00E-006;3;-0.27;RANKINE;Brown;;;;;;;;;
;ConiferousTimber;C35(parallel);EU;iso;1300;650;81;4.7;5.00E-006;3.5;-2.5;RANKINE;Brown;;;;;;;;;
;ConiferousTimber;C35(orthogonal);EU;iso;43;21.5;81;4.7;5.00E-006;3.5;-0.27;RANKINE;Brown;;;;;;;;;
;ConiferousTimber;C40(parallel);EU;iso;1400;700;88;4.8;5.00E-006;4;-2.7;RANKINE;Brown;;;;;;;;;
;ConiferousTimber;C40(orthogonal);EU;iso;47;23.5;88;4.8;5.00E-006;4;-0.28;RANKINE;Brown;;;;;;;;;
;ConiferousTimber;C45(parallel);EU;iso;1500;750;94;4.9;5.00E-006;4.5;-2.9;RANKINE;Brown;;;;;;;;;
;ConiferousTimber;C45(orthogonal);EU;iso;50;25;94;4.9;5.00E-006;4.5;-0.29;RANKINE;Brown;;;;;;;;;
;ConiferousTimber;C50(parallel);EU;iso;1600;800;100;5.2;5.00E-006;5;-3;RANKINE;Brown;;;;;;;;;
;ConiferousTimber;C50(orthogonal);EU;iso;53;26.5;100;5.2;5.00E-006;5;-0.3;RANKINE;Brown;;;;;;;;;
#;;;;;;;;;;;;;;;;;;;;;;
;ConiferousTimber;T8(parallel);EU;iso;700;350;44;3.5;5.00E-006;1.35;-1.6;RANKINE;Brown;;;;;;;;;
;ConiferousTimber;T8(orthogonal);EU;iso;23;11.5;44;3.5;5.00E-006;1.35;-0.2;RANKINE;Brown;;;;;;;;;
;ConiferousTimber;T9(parallel);EU;iso;750;375;47;3.6;5.00E-006;1.45;-1.7;RANKINE;Brown;;;;;;;;;
;ConiferousTimber;T9(orthogonal);EU;iso;25;12.5;47;3.6;5.00E-006;1.45;-0.21;RANKINE;Brown;;;;;;;;;
;ConiferousTimber;T10(parallel);EU;iso;800;400;50;3.7;5.00E-006;1.6;-1.7;RANKINE;Brown;;;;;;;;;
;ConiferousTimber;T10(orthogonal);EU;iso;27;13.5;50;3.7;5.00E-006;1.6;-0.22;RANKINE;Brown;;;;;;;;;
;ConiferousTimber;T11(parallel);EU;iso;900;450;56;3.8;5.00E-006;1.7;-1.8;RANKINE;Brown;;;;;;;;;
;ConiferousTimber;T11(orthogonal);EU;iso;30;15;56;3.8;5.00E-006;1.7;-0.22;RANKINE;Brown;;;;;;;;;
;ConiferousTimber;T12(parallel);EU;iso;950;475;59;4;5.00E-006;1.8;-1.9;RANKINE;Brown;;;;;;;;;
;ConiferousTimber;T12(orthogonal);EU;iso;32;16;59;4;5.00E-006;1.8;-0.23;RANKINE;Brown;;;;;;;;;
;ConiferousTimber;T13(parallel);EU;iso;1000;500;63;4.1;5.00E-006;1.95;-2;RANKINE;Brown;;;;;;;;;
;ConiferousTimber;T13(orthogonal);EU;iso;33;16.5;63;4.1;5.00E-006;1.95;-0.24;RANKINE;Brown;;;;;;;;;
;ConiferousTimber;T14(parallel);EU;iso;1100;550;69;4.2;5.00E-006;2.05;-2.1;RANKINE;Brown;;;;;;;;;
;ConiferousTimber;T14(orthogonal);EU;iso;37;18.5;69;4.2;5.00E-006;2.05;-0.25;RANKINE;Brown;;;;;;;;;
;ConiferousTimber;T14.5(parallel);EU;iso;1100;550;69;4.2;5.00E-006;2.1;-2.1;RANKINE;Brown;;;;;;;;;
;ConiferousTimber;T14.5(orthogonal);EU;iso;37;18.5;69;4.2;5.00E-006;2.1;-0.25;RANKINE;Brown;;;;;;;;;
;ConiferousTimber;T15(parallel);EU;iso;1150;575;72;4.3;5.00E-006;2.2;-2.1;RANKINE;Brown;;;;;;;;;
;ConiferousTimber;T15(orthogonal);EU;iso;38;19;72;4.3;5.00E-006;2.2;-0.25;RANKINE;Brown;;;;;;;;;
;ConiferousTimber;T16(parallel);EU;iso;1150;575;72;4.4;5.00E-006;2.3;-2.2;RANKINE;Brown;;;;;;;;;
;ConiferousTimber;T16(orthogonal);EU;iso;38;19;72;4.4;5.00E-006;2.3;-0.26;RANKINE;Brown;;;;;;;;;
;ConiferousTimber;T18(parallel);EU;iso;1200;600;75;4.6;5.00E-006;2.55;-2.3;RANKINE;Brown;;;;;;;;;
;ConiferousTimber;T18(orthogonal);EU;iso;40;20;75;4.6;5.00E-006;2.55;-0.27;RANKINE;Brown;;;;;;;;;
;ConiferousTimber;T21(parallel);EU;iso;1300;650;81;4.7;5.00E-006;2.9;-2.5;RANKINE;Brown;;;;;;;;;
;ConiferousTimber;T21(orthogonal);EU;iso;43;21.5;81;4.7;5.00E-006;2.9;-0.27;RANKINE;Brown;;;;;;;;;
;ConiferousTimber;T22(parallel);EU;iso;1300;650;81;4.7;5.00E-006;3.05;-2.6;RANKINE;Brown;;;;;;;;;
;ConiferousTimber;T22(orthogonal);EU;iso;43;21.5;81;4.7;5.00E-006;3.05;-0.27;RANKINE;Brown;;;;;;;;;
;ConiferousTimber;T24(parallel);EU;iso;1350;675;84;4.8;5.00E-006;3.3;-2.7;RANKINE;Brown;;;;;;;;;
;ConiferousTimber;T24(orthogonal);EU;iso;45;22.5;84;4.8;5.00E-006;3.3;-0.28;RANKINE;Brown;;;;;;;;;
;ConiferousTimber;T26(parallel);EU;iso;1400;700;88;4.9;5.00E-006;3.5;-2.8;RANKINE;Brown;;;;;;;;;
;ConiferousTimber;T26(orthogonal);EU;iso;47;23.5;88;4.9;5.00E-006;3.5;-0.29;RANKINE;Brown;;;;;;;;;
;ConiferousTimber;T27(parallel);EU;iso;1500;750;94;4.9;5.00E-006;3.65;-2.9;RANKINE;Brown;;;;;;;;;
;ConiferousTimber;T27(orthogonal);EU;iso;50;25;94;4.9;5.00E-006;3.65;-0.29;RANKINE;Brown;;;;;;;;;
;ConiferousTimber;T28(parallel);EU;iso;1500;750;94;5;5.00E-006;3.75;-2.9;RANKINE;Brown;;;;;;;;;
;ConiferousTimber;T28(orthogonal);EU;iso;50;25;94;5;5.00E-006;3.75;-0.29;RANKINE;Brown;;;;;;;;;
;ConiferousTimber;T30(parallel);EU;iso;1550;775;97;5.2;5.00E-006;4;-3;RANKINE;Brown;;;;;;;;;
;ConiferousTimber;T30(orthogonal);EU;iso;52;26;97;5.2;5.00E-006;4;-0.3;RANKINE;Brown;;;;;;;;;
#;;;;;;;;;;;;;;;;;;;;;;
#;;;;;E1;E2;G_in-plane;nue12;G1_transverse;G2_transverse;gamma;alphaT1;alphaT2;ft1k;fc1k;ft2k;fc2k;t12;f12;;;SafetyFactor
#;family;name;country;type;[kN/cm2];[kN/cm2];[kN/cm2];;[kN/cm2];[kN/cm2];[kN/m3];[m/(mC‹?ř)];[m/(mC‹?ř)];[kN/cm2];[kN/cm2];[kN/cm2];[kN/cm2];[kN/cm2];(TsaiWu);S-Hypo;Color;gamma_m
;GlulamTimber;GL24h;EU;ortho;1160;39;72;-1;72;72;5;5.00E-006;5.00E-006;1.65;-2.4;0.05;-0.27;0.25;0;RANKINE;Brown;1.3
;GlulamTimber;GL24c;EU;ortho;1160;32;59;-1;59;59;5;5.00E-006;5.00E-006;1.4;-2.1;0.05;-0.24;0.25;0;RANKINE;Brown;1.3
;GlulamTimber;GL28h;EU;ortho;1260;42;78;-1;78;78;5;5.00E-006;5.00E-006;1.95;-2.65;0.05;-0.3;0.25;0;RANKINE;Brown;1.3
;GlulamTimber;GL28c;EU;ortho;1260;39;72;-1;72;72;5;5.00E-006;5.00E-006;1.65;-2.4;0.05;-0.27;0.25;0;RANKINE;Brown;1.3
;GlulamTimber;GL32h;EU;ortho;1370;46;85;-1;85;85;5;5.00E-006;5.00E-006;2.25;-2.9;0.05;-0.33;0.25;0;RANKINE;Brown;1.3
;GlulamTimber;GL32c;EU;ortho;1370;42;85;-1;85;85;5;5.00E-006;5.00E-006;1.95;-2.65;0.05;-0.3;0.25;0;RANKINE;Brown;1.3
;GlulamTimber;GL36h;EU;ortho;1470;49;91;-1;91;91;5;5.00E-006;5.00E-006;2.6;-3.1;0.05;-0.36;0.25;0;RANKINE;Brown;1.3
;GlulamTimber;GL36c;EU;ortho;1470;46;85;-1;85;85;5;5.00E-006;5.00E-006;2.25;-2.9;0.05;-0.33;0.25;0;RANKINE;Brown;1.3
;GlulamTimber;GL24h(PerpendicularToGrain);EU;ortho;39;1160;72;-1;72;72;5;5.00E-006;5.00E-006;0.05;-0.27;1.65;-2.4;0.25;0;RANKINE;Brown;1.3
;GlulamTimber;GL24c(PerpendicularToGrain);EU;ortho;32;1160;59;-1;59;59;5;5.00E-006;5.00E-006;0.05;-0.24;1.4;-2.1;0.25;0;RANKINE;Brown;1.3
;GlulamTimber;GL28h(PerpendicularToGrain);EU;ortho;42;1260;78;-1;78;78;5;5.00E-006;5.00E-006;0.05;-0.3;1.95;-2.65;0.25;0;RANKINE;Brown;1.3
;GlulamTimber;GL28c(PerpendicularToGrain);EU;ortho;39;1260;72;-1;72;72;5;5.00E-006;5.00E-006;0.05;-0.27;1.65;-2.4;0.25;0;RANKINE;Brown;1.3
;GlulamTimber;GL32h(PerpendicularToGrain);EU;ortho;46;1370;85;-1;85;85;5;5.00E-006;5.00E-006;0.05;-0.33;2.25;-2.9;0.25;0;RANKINE;Brown;1.3
;GlulamTimber;GL32c(PerpendicularToGrain);EU;ortho;42;1370;85;-1;85;85;5;5.00E-006;5.00E-006;0.05;-0.3;1.95;-2.65;0.25;0;RANKINE;Brown;1.3
;GlulamTimber;GL36h(PerpendicularToGrain);EU;ortho;49;1470;91;-1;91;91;5;5.00E-006;5.00E-006;0.05;-0.36;2.6;-3.1;0.25;0;RANKINE;Brown;1.3
;GlulamTimber;GL36c(PerpendicularToGrain);EU;ortho;46;1470;85;-1;85;85;5;5.00E-006;5.00E-006;0.05;-0.33;2.25;-2.9;0.25;0;RANKINE;Brown;1.3
#;;;;;;;;;;;;;;;;;;;;;;
#;;;;;E;G_in-plane;G_transverse;gamma;alphaT;ftk;fck;;;;;;;;;;;
#;family;name;country;type;[kN/cm2];[kN/cm2];[kN/cm2];[kN/m3];[m/(mC‹?ř)];[kN/cm2];[kN/cm2];;;;;;;;;;;
;Aluminum;Aluminum;EU;iso;7000;2700;2700;27;2.40E-005;11;-11;MISES;Silver;;;;;;;;;
;Aluminum;AW3004H14;EU;iso;7000;2700;2700;27;2.40E-005;18;-18;MISES;Silver;;;;;;;;;
;Aluminum;AW3004H24/H34;EU;iso;7000;2700;2700;27;2.40E-005;17;-17;MISES;Silver;;;;;;;;;
;Aluminum;AW3004H16;EU;iso;7000;2700;2700;27;2.40E-005;20;-20;MISES;Silver;;;;;;;;;
;Aluminum;AW3004H26/H36;EU;iso;7000;2700;2700;27;2.40E-005;19;-19;MISES;Silver;;;;;;;;;
;Aluminum;AW3005H14;EU;iso;7000;2700;2700;27;2.40E-005;15;-15;MISES;Silver;;;;;;;;;
;Aluminum;AW3005H24;EU;iso;7000;2700;2700;27;2.40E-005;13;-13;MISES;Silver;;;;;;;;;
;Aluminum;AW3005H16;EU;iso;7000;2700;2700;27;2.40E-005;17.5;-17.5;MISES;Silver;;;;;;;;;
;Aluminum;AW3005H26;EU;iso;7000;2700;2700;27;2.40E-005;16;-16;MISES;Silver;;;;;;;;;
;Aluminum;AW3103H14;EU;iso;7000;2700;2700;27;2.40E-005;12;-12;MISES;Silver;;;;;;;;;
;Aluminum;AW3103H24;EU;iso;7000;2700;2700;27;2.40E-005;11;-11;MISES;Silver;;;;;;;;;
;Aluminum;AW3103H16;EU;iso;7000;2700;2700;27;2.40E-005;14.5;-14.5;MISES;Silver;;;;;;;;;
;Aluminum;AW3103H26;EU;iso;7000;2700;2700;27;2.40E-005;13.5;-13.5;MISES;Silver;;;;;;;;;
;Aluminum;AW5005/5005AO/H111;EU;iso;7000;2700;2700;27;2.40E-005;3.5;-3.5;MISES;Silver;;;;;;;;;
;Aluminum;AW5005/5005AH12;EU;iso;7000;2700;2700;27;2.40E-005;9.5;-9.5;MISES;Silver;;;;;;;;;
;Aluminum;AW5005/5005AH22/H32;EU;iso;7000;2700;2700;27;2.40E-005;8;-8;MISES;Silver;;;;;;;;;
;Aluminum;AW5005/5005AH14;EU;iso;7000;2700;2700;27;2.40E-005;12;-12;MISES;Silver;;;;;;;;;
;Aluminum;AW5005/5005AH24/H34;EU;iso;7000;2700;2700;27;2.40E-005;11;-11;MISES;Silver;;;;;;;;;
;Aluminum;AW5052H12;EU;iso;7000;2700;2700;27;2.40E-005;16;-16;MISES;Silver;;;;;;;;;
;Aluminum;AW5052H22/H32;EU;iso;7000;2700;2700;27;2.40E-005;13;-13;MISES;Silver;;;;;;;;;
;Aluminum;AW5052H14;EU;iso;7000;2700;2700;27;2.40E-005;18;-18;MISES;Silver;;;;;;;;;
;Aluminum;AW5052H24/H34;EU;iso;7000;2700;2700;27;2.40E-005;15;-15;MISES;Silver;;;;;;;;;
;Aluminum;AW5049O/H111;EU;iso;7000;2700;2700;27;2.40E-005;8;-8;MISES;Silver;;;;;;;;;
;Aluminum;AW5049H14;EU;iso;7000;2700;2700;27;2.40E-005;19;-19;MISES;Silver;;;;;;;;;
;Aluminum;AW5049H24/H34;EU;iso;7000;2700;2700;27;2.40E-005;16;-16;MISES;Silver;;;;;;;;;
;Aluminum;AW5454O/H111;EU;iso;7000;2700;2700;27;2.40E-005;8.5;-8.5;MISES;Silver;;;;;;;;;
;Aluminum;AW5454H14;EU;iso;7000;2700;2700;27;2.40E-005;22;-22;MISES;Silver;;;;;;;;;
;Aluminum;AW5454H24/H34;EU;iso;7000;2700;2700;27;2.40E-005;20;-20;MISES;Silver;;;;;;;;;
;Aluminum;AW5754O/H111;EU;iso;7000;2700;2700;27;2.40E-005;8;-8;MISES;Silver;;;;;;;;;
;Aluminum;AW5754H14;EU;iso;7000;2700;2700;27;2.40E-005;19;-19;MISES;Silver;;;;;;;;;
;Aluminum;AW5754H24/H34;EU;iso;7000;2700;2700;27;2.40E-005;16;-16;MISES;Silver;;;;;;;;;
;Aluminum;AW5083O/H111;EU;iso;7000;2700;2700;27;2.40E-005;12.5;-12.5;MISES;Silver;;;;;;;;;
;Aluminum;AW5083H12;EU;iso;7000;2700;2700;27;2.40E-005;25;-25;MISES;Silver;;;;;;;;;
;Aluminum;AW5083H22/H32;EU;iso;7000;2700;2700;27;2.40E-005;21.5;-21.5;MISES;Silver;;;;;;;;;
;Aluminum;AW5083H14;EU;iso;7000;2700;2700;27;2.40E-005;28;-28;MISES;Silver;;;;;;;;;
;Aluminum;AW5083H24/H34;EU;iso;7000;2700;2700;27;2.40E-005;25;-25;MISES;Silver;;;;;;;;;
;Aluminum;AW6061T4/T451;EU;iso;7000;2700;2700;27;2.40E-005;11;-11;MISES;Silver;;;;;;;;;
;Aluminum;AW6061T6/T651;EU;iso;7000;2700;2700;27;2.40E-005;24;-24;MISES;Silver;;;;;;;;;
;Aluminum;AW6061T651;EU;iso;7000;2700;2700;27;2.40E-005;24;-24;MISES;Silver;;;;;;;;;
;Aluminum;AW6082T4/T451;EU;iso;7000;2700;2700;27;2.40E-005;11;-11;MISES;Silver;;;;;;;;;
;Aluminum;AW6082T61/T6151;EU;iso;7000;2700;2700;27;2.40E-005;20.5;-20.5;MISES;Silver;;;;;;;;;
;Aluminum;AW6082T6151;EU;iso;7000;2700;2700;27;2.40E-005;20;-20;MISES;Silver;;;;;;;;;
;Aluminum;AW6082T6/T651;EU;iso;7000;2700;2700;27;2.40E-005;26;-26;MISES;Silver;;;;;;;;;
;Aluminum;AW6082T651;EU;iso;7000;2700;2700;27;2.40E-005;24;-24;MISES;Silver;;;;;;;;;
;Aluminum;AW7020T6;EU;iso;7000;2700;2700;27;2.40E-005;28;-28;MISES;Silver;;;;;;;;;
;Aluminum;AW7020T651;EU;iso;7000;2700;2700;27;2.40E-005;28;-28;MISES;Silver;;;;;;;;;
;Aluminum;AW8011AH14;EU;iso;7000;2700;2700;27;2.40E-005;11;-11;MISES;Silver;;;;;;;;;
;Aluminum;AW8011AH24;EU;iso;7000;2700;2700;27;2.40E-005;10;-10;MISES;Silver;;;;;;;;;
;Aluminum;AW8011AH16;EU;iso;7000;2700;2700;27;2.40E-005;13;-13;MISES;Silver;;;;;;;;;
;Aluminum;AW8011AH26;EU;iso;7000;2700;2700;27;2.40E-005;12;-12;MISES;Silver;;;;;;;;;
#;;;;;;;;;;;;;;;;;;;;;;
#;for;backwards;;compatibility:;;;;;;;;;;;;;;;;;;
#;---;;;;;;;;;;;;;;;;;;;;;
;Aluminum;ENAW-3103H14;EU;iso;7000;2700;2700;27;2.40E-005;12;-12;MISES;Silver;;;;;;;;;
;Aluminum;ENAW-6061T4/T451;EU;iso;7000;2700;2700;27;2.40E-005;11;-11;MISES;Silver;;;;;;;;;
;Aluminum;ENAW-6061T6/T651;EU;iso;7000;2700;2700;27;2.40E-005;24;-24;MISES;Silver;;;;;;;;;
;Aluminum;ENAW-6082(ER/B)T6;EU;iso;7000;2700;2700;27;2.40E-005;25;-25;MISES;Silver;;;;;;;;;
#;;;;;;;;;;;;;;;;;;;;;;
#;;;;;E;G_in-plane;G_transverse;gamma;alphaT;ftk;fck;;my;;;;;;;;;
#;family;name;country;type;[kN/cm2];[kN/cm2];[kN/cm2];[kN/m3];[m/(mC‹?ř)];[kN/cm2];[kN/cm2];;[-];;;;;;;;;
"#;""according to EN 1992-1-1; revision 2009-07-01:"";;;;;;;;;;;";;;;;;;;;;;;;;;;;;;;;;
;Concrete;Concrete;EU;iso;3100;1291.67;1291.67;25;1.00E-005;0.167;-1.67;RANKINE;Gray;;;;;;;;;
;Concrete;C12/15;EU;iso;2700;1125;1125;25;1.00E-005;0.08;-0.8;RANKINE;Gray;;;;;;;;;
;Concrete;C16/20;EU;iso;2900;1208.33;1208.33;25;1.00E-005;0.107;-1.07;RANKINE;Gray;;;;;;;;;
;Concrete;C20/25;EU;iso;3000;1250;1250;25;1.00E-005;0.133;-1.33;RANKINE;Gray;;;;;;;;;
;Concrete;C25/30;EU;iso;3100;1291.67;1291.67;25;1.00E-005;0.167;-1.67;RANKINE;Gray;;;;;;;;;
;Concrete;C30/37;EU;iso;3300;1375;1375;25;1.00E-005;0.2;-2;RANKINE;Gray;;;;;;;;;
;Concrete;C35/45;EU;iso;3400;1416.67;1416.67;25;1.00E-005;0.233;-2.33;RANKINE;Gray;;;;;;;;;
;Concrete;C40/50;EU;iso;3500;1458.33;1458.33;25;1.00E-005;0.267;-2.67;RANKINE;Gray;;;;;;;;;
;Concrete;C45/55;EU;iso;3600;1500;1500;25;1.00E-005;0.3;-3;RANKINE;Gray;;;;;;;;;
;Concrete;C50/60;EU;iso;3700;1541.67;1541.67;25;1.00E-005;0.333;-3.33;RANKINE;Gray;;;;;;;;;
;Concrete;C55/67;EU;iso;3800;1583.33;1583.33;25;1.00E-005;0.367;-3.67;RANKINE;Gray;;;;;;;;;
;Concrete;C60/75;EU;iso;3900;1625;1625;25;1.00E-005;0.4;-4;RANKINE;Gray;;;;;;;;;
;Concrete;C70/85;EU;iso;4100;1708.33;1708.33;25;1.00E-005;0.467;-4.67;RANKINE;Gray;;;;;;;;;
;Concrete;C80/95;EU;iso;4200;1750;1750;25;1.00E-005;0.533;-5.33;RANKINE;Gray;;;;;;;;;
;Concrete;C90/105;EU;iso;4400;1833.33;1833.33;25;1.00E-005;0.6;-6;RANKINE;Gray;;;;;;;;;
;Concrete;C100/115;EU;iso;4500;1875;1875;25;1.00E-005;1;-10;RANKINE;Grey;;;;;;;;;
#;;;;;E;G_in-plane;G_transverse;gamma;alphaT;fck;;;;;;;;;;;;
#;family;name;country;type;[kN/cm2];[kN/cm2];[kN/cm2];[kN/m3];[m/(mC‹?ř)];[kN/cm2];;;;;;;;;;;;
#;according_to_EN1992-1-1:2004/A1:2014;;;;;;;;;;;;;;;;;;;;;
;LightweightConcrete;LC12/13;EU;iso;1100;458.33;458.33;15.5;1.00E-005;0.12;-1.2;RANKINE;LightGrey;;;;;;;;;
;LightweightConcrete;LC16/18;EU;iso;1200;500;500;15.5;1.00E-005;0.16;-1.6;RANKINE;LightGrey;;;;;;;;;
;LightweightConcrete;LC20/22;EU;iso;1200;500;500;15.5;1.00E-005;0.2;-2;RANKINE;LightGrey;;;;;;;;;
;LightweightConcrete;LC25/28;EU;iso;1600;666.67;666.67;17.5;1.00E-005;0.25;-2.5;RANKINE;LightGrey;;;;;;;;;
;LightweightConcrete;LC30/33;EU;iso;1700;708.33;708.33;17.5;1.00E-005;0.3;-3;RANKINE;LightGrey;;;;;;;;;
;LightweightConcrete;LC35/38;EU;iso;1800;750;750;17.5;1.00E-005;0.35;-3.5;RANKINE;LightGrey;;;;;;;;;
;LightweightConcrete;LC40/44;EU;iso;1900;791.67;791.67;17.5;1.00E-005;0.4;-4;RANKINE;LightGrey;;;;;;;;;
;LightweightConcrete;LC45/50;EU;iso;2400;1000;1000;19.5;1.00E-005;0.45;-4.5;RANKINE;LightGrey;;;;;;;;;
;LightweightConcrete;LC50/55;EU;iso;2500;1041.67;1041.67;19.5;1.00E-005;0.5;-5;RANKINE;LightGrey;;;;;;;;;
;LightweightConcrete;LC55/60;EU;iso;2500;1041.67;1041.67;19.5;1.00E-005;0.55;-5.5;RANKINE;LightGrey;;;;;;;;;
;LightweightConcrete;LC60/66;EU;iso;2600;1083.33;1083.33;19.5;1.00E-005;0.6;-6;RANKINE;LightGrey;;;;;;;;;
;LightweightConcrete;LC70/77;EU;iso;3400;1416.67;1416.67;21.5;1.00E-005;0.7;-7;RANKINE;LightGrey;;;;;;;;;
;LightweightConcrete;LC80/88;EU;iso;3500;1458.33;1458.33;21.5;1.00E-005;0.8;-8;RANKINE;LightGrey;;;;;;;;;
#;;;;;E;G_in-plane;G_transverse;gamma;alphaT;ftk;fck;;;;;;;;;;;
#;***;;;;;;;;;;;;;;;;;;;;;
#;;For;;reinforcement;bars;nue=0;is;assumed;since;the;bars;in;different;directions;do;not;interact;;;;;
#;***;;;;;;;;;;;;;;;;;;;;;
#;family;name;country;type;[kN/cm2];[kN/cm2];[kN/cm2];[kN/m3];[m/(mC‹?ř)];[kN/cm2];[kN/cm2];;;;;;;;;;;
;ReinfSteel;ReinfSteel;EU;iso;20000;10000;10000;78.5;1.20E-005;50;-50;MISES;LightBlue;;;;;;;;;
;ReinfSteel;B500-EN;EU;iso;20000;10000;10000;78.5;1.20E-005;50;-50;MISES;LightBlue;;;;;;;;;
;ReinfSteel;B550-EN;EU;iso;20000;10000;10000;78.5;1.20E-005;55;-55;MISES;LightBlue;;;;;;;;;
;ReinfSteel;B550M(A);EU;iso;20000;7692.31;7692.31;78.5;1.20E-005;55;-55;MISES;LightBlue;;;;;;;;;
;ReinfSteel;B550S(B);EU;iso;20000;7692.31;7692.31;78.5;1.20E-005;55;-55;MISES;LightBlue;;;;;;;;;
;ReinfSteel;B550M(B);EU;iso;20000;7692.31;7692.31;78.5;1.20E-005;55;-55;MISES;LightBlue;;;;;;;;;
;ReinfSteel;B500S(A);EU;iso;20000;7692.31;7692.31;78.5;1.20E-005;50;-50;MISES;LightBlue;;;;;;;;;
;ReinfSteel;B500M(A);EU;iso;20000;7692.31;7692.31;78.5;1.20E-005;50;-50;MISES;LightBlue;;;;;;;;;
;ReinfSteel;B500S(B);EU;iso;20000;7692.31;7692.31;78.5;1.20E-005;50;-50;MISES;LightBlue;;;;;;;;;
;ReinfSteel;B500M(B);EU;iso;20000;7692.31;7692.31;78.5;1.20E-005;50;-50;MISES;LightBlue;;;;;;;;;
;ReinfSteel;B500S(C);EU;iso;20000;7692.31;7692.31;78.5;1.20E-005;50;-50;MISES;LightBlue;;;;;;;;;
;ReinfSteel;B500M(C);EU;iso;20000;7692.31;7692.31;78.5;1.20E-005;50;-50;MISES;LightBlue;;;;;;;;;
;ReinfSteel;B420S(B);EU;iso;20000;7692.31;7692.31;78.5;1.20E-005;42;-42;MISES;LightBlue;;;;;;;;;
;ReinfSteel;B420S(C);EU;iso;20000;7692.31;7692.31;78.5;1.20E-005;42;-42;MISES;LightBlue;;;;;;;;;
;ReinfSteel;B450S(A);EU;iso;20600;7923.08;7923.08;78.5;1.20E-005;45;-45;MISES;LightBlue;;;;;;;;;
;ReinfSteel;B450S(C);EU;iso;20600;7923.08;7923.08;78.5;1.20E-005;45;-45;MISES;LightBlue;;;;;;;;;
;ReinfSteel;Grade40-ACI;US;iso;19993.8;9996.9;9996.9;78.5;1.20E-005;27.58;-27.58;MISES;LightBlue;;;;;;;;;
;ReinfSteel;Grade50-ACI;US;iso;19993.8;9996.9;9996.9;78.5;1.20E-005;34.47;-34.47;MISES;LightBlue;;;;;;;;;
;ReinfSteel;Grade60-ACI;US;iso;19993.8;9996.9;9996.9;78.5;1.20E-005;41.37;-41.37;MISES;LightBlue;;;;;;;;;
;ReinfSteel;Grade75-ACI;US;iso;19993.8;9996.9;9996.9;78.5;1.20E-005;51.71;-51.71;MISES;LightBlue;;;;;;;;;
;ReinfSteel;A500-NPEN;US;iso;20000;10000;10000;78.5;1.20E-005;50;-50;MISES;LightBlue;;;;;;;;;
;ReinfSteel;A400-NPEN;US;iso;20000;10000;10000;78.5;1.20E-005;40;-40;MISES;LightBlue;;;;;;;;;
;ReinfSteel;300R-CSA;Canada;iso;20000;10000;10000;78.5;1.20E-005;30;-30;MISES;LightBlue;;;;;;;;;
;ReinfSteel;400R-CSA;Canada;iso;20000;10000;10000;78.5;1.20E-005;40;-40;MISES;LightBlue;;;;;;;;;
;ReinfSteel;500R-CSA;Canada;iso;20000;10000;10000;78.5;1.20E-005;50;-50;MISES;LightBlue;;;;;;;;;
;ReinfSteel;HRB500-GB/T;China;iso;20000;10000;10000;78.5;1.20E-005;50;-50;MISES;LightBlue;;;;;;;;;
;ReinfSteel;HRB400-GB/T;China;iso;20000;10000;10000;78.5;1.20E-005;40;-40;MISES;LightBlue;;;;;;;;;
;ReinfSteel;HRB335-GB/T;China;iso;20000;10000;10000;78.5;1.20E-005;33.5;-33.5;MISES;LightBlue;;;;;;;;;
;ReinfSteel;HRB300-GB/T;China;iso;20000;10000;10000;78.5;1.20E-005;30;-30;MISES;LightBlue;;;;;;;;;
;ReinfSteel;Bst500-OEN;Austria;iso;20000;10000;10000;78.5;1.20E-005;50;-50;MISES;LightBlue;;;;;;;;;
#;;;;;;;;;;;;;;;;;;;;;;
#;;;;;E;G_in-plane;G_transverse;gamma;alphaT;ft;fc;;;;;;;;;;;
#;family;name;country;type;[kN/cm2];[kN/cm2];[kN/cm2];[kN/m3];[m/(mC‹¨«E‹¨«)];[kN/cm2];[kN/cm2];;[-];;;;;;;;;
;Concrete;Fc18;Japan;iso;2059.610421;858.1710087;858.1710087;24;1.00E-005;0;-1.8;RANKINE;Gray;;;;;;;;;
;Concrete;Fc21;Japan;iso;2168.206675;903.4194479;903.4194479;24;1.00E-005;0;-2.1;RANKINE;Gray;;;;;;;;;
;Concrete;Fc24;Japan;iso;2266.89459;944.5394127;944.5394127;24;1.00E-005;0;-2.4;RANKINE;Gray;;;;;;;;;
;Concrete;Fc27;Japan;iso;2357.665383;982.3605763;982.3605763;24;1.00E-005;0;-2.7;RANKINE;Gray;;;;;;;;;
;Concrete;Fc30;Japan;iso;2441.938172;1017.474238;1017.474238;24;1.00E-005;0;-3;RANKINE;Gray;;;;;;;;;
;Concrete;Fc33;Japan;iso;2520.764218;1050.318424;1050.318424;24;1.00E-005;0;-3.3;RANKINE;Gray;;;;;;;;;
;Concrete;Fc36;Japan;iso;2594.946524;1081.227718;1081.227718;24;1.00E-005;0;-3.6;RANKINE;Gray;;;;;;;;;
;Concrete;Fc42;Japan;iso;2851.832812;1188.263672;1188.263672;24.5;1.00E-005;0;-4.2;RANKINE;Gray;;;;;;;;;
;Concrete;Fc48;Japan;iso;2981.636598;1242.348582;1242.348582;24.5;1.00E-005;0;-4.8;RANKINE;Gray;;;;;;;;;
;Concrete;Fc54;Japan;iso;3234.389438;1347.662266;1347.662266;25;1.00E-005;0;-5.4;RANKINE;Gray;;;;;;;;;
;Concrete;Fc60;Japan;iso;3350;1395.833333;1395.833333;25;1.00E-005;0;-6;RANKINE;Gray;;;;;;;;;
;Concrete;Fc80;Japan;iso;3842.383758;1600.993233;1600.993233;25.5;1.00E-005;0;-8;RANKINE;Gray;;;;;;;;;
;Concrete;Fc100;Japan;iso;4139.082431;1724.617679;1724.617679;25.5;1.00E-005;0;-10;RANKINE;Gray;;;;;;;;;
;Concrete;Fc120;Japan;iso;4398.431413;1832.679756;1832.679756;25.5;1.00E-005;0;-12;RANKINE;Gray;;;;;;;;;
